phone number,country code,area code,line number,,,,
1-556-547-9584,1,556,5479584,,,,
1-360-762-7662,1,360,7627662,,,,
1-908-989-8630,1,908,9898630,,,,
1-772-808-9138,1,772,8089138,,,,
1-435-952-3196,1,435,9523196,,,,
1-979-470-4786,1,979,4704786,,,,
1-659-445-2870,1,659,4452870,,,,
1-551-286-8240,1,551,2868240,,,,
1-619-652-3338,1,619,6523338,,,,
1-211-588-3166,1,211,5883166,,,,
1-361-152-9389,1,361,1529389,,,,
1-144-277-4831,1,144,2774831,,,,
1-148-297-3719,1,148,2973719,,,,
1-488-970-7828,1,488,9707828,,,,
1-454-211-4447,1,454,2114447,,,,
1-811-642-3415,1,811,6423415,,,,
1-804-117-7630,1,804,1177630,,,,
1-208-787-1426,1,208,7871426,,,,
1-354-314-1779,1,354,3141779,,,,
1-551-555-6133,1,551,5556133,,,,
1-654-243-1459,1,654,2431459,,,,
1-436-595-1940,1,436,5951940,,,,
1-848-207-4558,1,848,2074558,,,,
1-541-332-7358,1,541,3327358,,,,
1-175-504-9918,1,175,5049918,,,,
1-847-434-8382,1,847,4348382,,,,
1-514-832-4610,1,514,8324610,,,,
1-827-524-2318,1,827,5242318,,,,
1-271-878-3453,1,271,8783453,,,,
1-785-375-7321,1,785,3757321,,,,
1-375-527-0355,1,375,5270355,,,,
1-554-774-0677,1,554,7740677,,,,
1-150-418-0113,1,150,4180113,,,,
1-698-314-4642,1,698,3144642,,,,
1-937-569-4840,1,937,5694840,,,,
1-327-506-9946,1,327,5069946,,,,
1-607-421-2791,1,607,4212791,,,,
1-443-331-4349,1,443,3314349,,,,
1-946-285-5549,1,946,2855549,,,,
1-596-306-0491,1,596,3060491,,,,
1-190-780-6519,1,190,7806519,,,,
1-897-527-1550,1,897,5271550,,,,
1-532-704-8267,1,532,7048267,,,,
1-234-621-8829,1,234,6218829,,,,
1-537-160-4223,1,537,1604223,,,,
1-559-346-4360,1,559,3464360,,,,
1-836-674-1093,1,836,6741093,,,,
1-693-981-8337,1,693,9818337,,,,
1-240-131-3135,1,240,1313135,,,,
1-635-170-9694,1,635,1709694,,,,
1-264-251-4636,1,264,2514636,,,,
1-146-936-3037,1,146,9363037,,,,
1-354-460-9301,1,354,4609301,,,,
1-859-368-4709,1,859,3684709,,,,
1-475-610-9208,1,475,6109208,,,,
1-594-480-2635,1,594,4802635,,,,
1-707-561-8014,1,707,5618014,,,,
1-409-503-4036,1,409,5034036,,,,
1-981-184-4946,1,981,1844946,,,,
1-382-120-6293,1,382,1206293,,,,
1-699-737-7764,1,699,7377764,,,,
1-308-700-4689,1,308,7004689,,,,
1-476-809-9977,1,476,8099977,,,,
1-938-155-4462,1,938,1554462,,,,
1-706-234-3962,1,706,2343962,,,,
1-573-670-1465,1,573,6701465,,,,
1-349-880-3012,1,349,8803012,,,,
1-977-857-3913,1,977,8573913,,,,
1-861-102-3291,1,861,1023291,,,,
1-473-388-4885,1,473,3884885,,,,
1-142-432-8218,1,142,4328218,,,,
1-163-704-0930,1,163,7040930,,,,
1-524-670-0710,1,524,6700710,,,,
1-518-351-3680,1,518,3513680,,,,
1-810-924-7691,1,810,9247691,,,,
1-981-702-0138,1,981,7020138,,,,
1-415-492-5741,1,415,4925741,,,,
1-130-839-0075,1,130,8390075,,,,
1-238-639-0905,1,238,6390905,,,,
1-632-957-0747,1,632,9570747,,,,
1-939-926-9796,1,939,9269796,,,,
1-149-468-8461,1,149,4688461,,,,
1-223-922-3409,1,223,9223409,,,,
1-444-755-7806,1,444,7557806,,,,
1-371-630-5480,1,371,6305480,,,,
1-523-644-2751,1,523,6442751,,,,
1-592-740-4153,1,592,7404153,,,,
1-633-405-2677,1,633,4052677,,,,
1-773-294-3789,1,773,2943789,,,,
1-815-538-8867,1,815,5388867,,,,
1-959-383-1991,1,959,3831991,,,,
1-320-206-9564,1,320,2069564,,,,
1-118-386-0856,1,118,3860856,,,,
1-743-176-2873,1,743,1762873,,,,
1-316-388-4436,1,316,3884436,,,,
1-470-648-1550,1,470,6481550,,,,
1-204-546-1451,1,204,5461451,,,,
1-232-632-3441,1,232,6323441,,,,
1-809-105-3833,1,809,1053833,,,,
1-910-523-2091,1,910,5232091,,,,
(672) 521-6442,1,672,5216442,,,,
(825) 931-2086,1,825,9312086,,,,
(647) 999-3935,1,647,9993935,,,,
(709) 734-3612,1,709,7343612,,,,
(548) 934-1556,1,548,9341556,,,,
(306) 271-8057,1,306,2718057,,,,
(438) 148-4865,1,438,1484865,,,,
(416) 500-3116,1,416,5003116,,,,
(902) 543-3384,1,902,5433384,,,,
(709) 957-6364,1,709,9576364,,,,
(672) 871-1045,1,672,8711045,,,,
(226) 122-7048,1,226,1227048,,,,
(514) 708-3790,1,514,7083790,,,,
(519) 357-1044,1,519,3571044,,,,
(672) 270-3409,1,672,2703409,,,,
(819) 884-7657,1,819,8847657,,,,
(867) 596-3417,1,867,5963417,,,,
(289) 450-1901,1,289,4501901,,,,
(879) 321-2870,1,879,3212870,,,,
(514) 309-6265,1,514,3096265,,,,
(548) 997-8174,1,548,9978174,,,,
(365) 220-9933,1,365,2209933,,,,
(431) 969-8419,1,431,9698419,,,,
(365) 122-1613,1,365,1221613,,,,
(672) 907-7515,1,672,9077515,,,,
(438) 303-1780,1,438,3031780,,,,
(367) 945-0799,1,367,9450799,,,,
(780) 535-2675,1,780,5352675,,,,
(902) 758-3263,1,902,7583263,,,,
(819) 926-0136,1,819,9260136,,,,
(506) 974-2410,1,506,9742410,,,,
(587) 808-3093,1,587,8083093,,,,
(306) 406-3219,1,306,4063219,,,,
(249) 797-0157,1,249,7970157,,,,
(250) 919-7129,1,250,9197129,,,,
(902) 414-9006,1,902,4149006,,,,
(647) 836-3174,1,647,8363174,,,,
(306) 373-0293,1,306,3730293,,,,
(780) 255-2549,1,780,2552549,,,,
(226) 644-4838,1,226,6444838,,,,
(778) 509-8700,1,778,5098700,,,,
(705) 917-2543,1,705,9172543,,,,
(647) 926-8106,1,647,9268106,,,,
(428) 792-3151,1,428,7923151,,,,
(902) 322-9452,1,902,3229452,,,,
(819) 107-6586,1,819,1076586,,,,
(249) 292-1601,1,249,2921601,,,,
(672) 782-3459,1,672,7823459,,,,
(879) 508-7675,1,879,5087675,,,,
(782) 568-6106,1,782,5686106,,,,
(825) 181-5387,1,825,1815387,,,,
(879) 800-2905,1,879,8002905,,,,
(365) 847-3460,1,365,8473460,,,,
(450) 838-7532,1,450,8387532,,,,
(873) 911-5183,1,873,9115183,,,,
(807) 780-4487,1,807,7804487,,,,
(250) 478-7296,1,250,4787296,,,,
(647) 189-3325,1,647,1893325,,,,
(807) 952-4678,1,807,9524678,,,,
(819) 996-7675,1,819,9967675,,,,
(705) 771-6623,1,705,7716623,,,,
(782) 991-7898,1,782,9917898,,,,
(587) 775-4578,1,587,7754578,,,,
(604) 377-4546,1,604,3774546,,,,
(403) 431-2865,1,403,4312865,,,,
(604) 624-2408,1,604,6242408,,,,
(367) 545-0237,1,367,5450237,,,,
(905) 957-4158,1,905,9574158,,,,
(236) 580-3102,1,236,5803102,,,,
(782) 843-2306,1,782,8432306,,,,
(709) 747-7064,1,709,7477064,,,,
(905) 545-8208,1,905,5458208,,,,
(613) 203-0949,1,613,2030949,,,,
(306) 288-7842,1,306,2887842,,,,
(306) 988-2658,1,306,9882658,,,,
(579) 258-4896,1,579,2584896,,,,
(782) 945-6222,1,782,9456222,,,,
(782) 661-9408,1,782,6619408,,,,
(428) 898-3026,1,428,8983026,,,,
(226) 827-0354,1,226,8270354,,,,
(613) 344-6422,1,613,3446422,,,,
(343) 156-4277,1,343,1564277,,,,
(548) 249-7452,1,548,2497452,,,,
(778) 581-9951,1,778,5819951,,,,
(506) 312-2907,1,506,3122907,,,,
(514) 721-4995,1,514,7214995,,,,
(519) 486-0693,1,519,4860693,,,,
(613) 761-3701,1,613,7613701,,,,
(782) 584-2477,1,782,5842477,,,,
(403) 959-0081,1,403,9590081,,,,
(902) 749-0079,1,902,7490079,,,,
(705) 910-3850,1,705,9103850,,,,
(343) 617-2662,1,343,6172662,,,,
(236) 171-1361,1,236,1711361,,,,
(343) 659-1339,1,343,6591339,,,,
(782) 170-5699,1,782,1705699,,,,
(416) 523-1856,1,416,5231856,,,,
(902) 289-9113,1,902,2899113,,,,
(226) 476-2558,1,226,4762558,,,,
(416) 250-2716,1,416,2502716,,,,
027-525-0301,81,027,5250301,,,,
013-186-5795,81,013,1865795,,,,
027-423-0559,81,027,4230559,,,,
071-508-9653,81,071,5089653,,,,
012-316-0170,81,012,3160170,,,,
096-052-0338,81,096,0520338,,,,
059-925-0930,81,059,9250930,,,,
033-128-9287,81,033,1289287,,,,
096-050-5064,81,096,0505064,,,,
024-937-6170,81,024,9376170,,,,
028-510-9063,81,028,5109063,,,,
016-908-8388,81,016,9088388,,,,
075-787-1003,81,075,7871003,,,,
032-558-0371,81,032,5580371,,,,
064-422-6735,81,064,4226735,,,,
091-470-2039,81,091,4702039,,,,
060-282-5477,81,060,2825477,,,,
058-660-6213,81,058,6606213,,,,
084-778-9707,81,084,7789707,,,,
036-276-2134,81,036,2762134,,,,
059-107-3185,81,059,1073185,,,,
054-468-8433,81,054,4688433,,,,
022-132-7594,81,022,1327594,,,,
046-342-7457,81,046,3427457,,,,
006-207-5353,81,006,2075353,,,,
038-135-4437,81,038,1354437,,,,
097-061-9028,81,097,0619028,,,,
045-538-9617,81,045,5389617,,,,
092-622-8086,81,092,6228086,,,,
088-977-0758,81,088,9770758,,,,
049-920-7948,81,049,9207948,,,,
052-593-0770,81,052,5930770,,,,
017-427-9732,81,017,4279732,,,,
029-270-3983,81,029,2703983,,,,
021-668-6139,81,021,6686139,,,,
070-501-1354,81,070,5011354,,,,
037-513-2300,81,037,5132300,,,,
026-178-7192,81,026,1787192,,,,
008-525-4429,81,008,5254429,,,,
050-307-5325,81,050,3075325,,,,
056-784-9015,81,056,7849015,,,,
019-237-0518,81,019,2370518,,,,
060-903-5425,81,060,9035425,,,,
097-818-2987,81,097,8182987,,,,
071-253-6206,81,071,2536206,,,,
034-233-1158,81,034,2331158,,,,
067-442-7725,81,067,4427725,,,,
011-683-3611,81,011,6833611,,,,
064-005-2566,81,064,0052566,,,,
029-558-6646,81,029,5586646,,,,
037-998-5516,81,037,9985516,,,,
073-541-3687,81,073,5413687,,,,
007-105-4917,81,007,1054917,,,,
048-494-8777,81,048,4948777,,,,
058-243-3170,81,058,2433170,,,,
003-906-5761,81,003,9065761,,,,
012-997-7073,81,012,9977073,,,,
028-304-7671,81,028,3047671,,,,
002-870-5953,81,002,8705953,,,,
088-128-2545,81,088,1282545,,,,
083-692-7275,81,083,6927275,,,,
081-395-5163,81,081,3955163,,,,
045-993-7198,81,045,9937198,,,,
035-024-4327,81,035,0244327,,,,
093-100-5067,81,093,1005067,,,,
094-053-2332,81,094,0532332,,,,
055-347-1052,81,055,3471052,,,,
033-721-3540,81,033,7213540,,,,
011-760-0770,81,011,7600770,,,,
053-170-3597,81,053,1703597,,,,
062-649-8623,81,062,6498623,,,,
031-902-8027,81,031,9028027,,,,
081-279-8370,81,081,2798370,,,,
032-701-0590,81,032,7010590,,,,
047-916-6190,81,047,9166190,,,,
063-038-7413,81,063,0387413,,,,
055-568-8698,81,055,5688698,,,,
091-001-3068,81,091,0013068,,,,
071-110-9865,81,071,1109865,,,,
059-085-6299,81,059,0856299,,,,
095-371-2926,81,095,3712926,,,,
076-686-2855,81,076,6862855,,,,
046-197-0195,81,046,1970195,,,,
003-217-1462,81,003,2171462,,,,
020-608-1765,81,020,6081765,,,,
086-398-1797,81,086,3981797,,,,
035-691-9911,81,035,6919911,,,,
078-843-3687,81,078,8433687,,,,
080-579-8443,81,080,5798443,,,,
050-254-5121,81,050,2545121,,,,
014-694-8911,81,014,6948911,,,,
098-531-5732,81,098,5315732,,,,
002-353-6299,81,002,3536299,,,,
079-961-7722,81,079,9617722,,,,
088-985-8202,81,088,9858202,,,,
006-826-0992,81,006,8260992,,,,
005-248-5765,81,005,2485765,,,,
085-009-1564,81,085,0091564,,,,
013-564-3534,81,013,5643534,,,,
027-569-7927,81,027,5697927,,,,
(004) 17236103,49,4,17236103,,,,
(02780) 8451263,49,2780,8451263,,,,
(090) 68040208,49,90,68040208,,,,
(038500) 489214,49,38500,489214,,,,
(0182) 38938243,49,182,38938243,,,,
(05397) 9490976,49,5397,9490976,,,,
(033513) 130019,49,33513,130019,,,,
(017) 71765927,49,17,71765927,,,,
(09347) 0009069,49,9347,9069,,,,
(038112) 474588,49,38112,474588,,,,
(038628) 249554,49,38628,249554,,,,
(0030) 92893918,49,30,92893918,,,,
(037) 19122815,49,37,19122815,,,,
(00247) 4241086,49,247,4241086,,,,
(032670) 194718,49,32670,194718,,,,
(03531) 5539925,49,3531,5539925,,,,
(0842) 74731343,49,842,74731343,,,,
(032032) 704697,49,32032,704697,,,,
(01528) 4332271,49,1528,4332271,,,,
(06149) 8990551,49,6149,8990551,,,,
(079) 01169273,49,79,1169273,,,,
(0666) 24201021,49,666,24201021,,,,
(0828) 16149957,49,828,16149957,,,,
(013) 65192855,49,13,65192855,,,,
(06509) 8806252,49,6509,8806252,,,,
(028) 55571465,49,28,55571465,,,,
(086) 07406205,49,86,7406205,,,,
(036026) 438458,49,36026,438458,,,,
(068) 32494988,49,68,32494988,,,,
(0694) 23525857,49,694,23525857,,,,
(0770) 96794863,49,770,96794863,,,,
(075) 82232693,49,75,82232693,,,,
(000) 68371829,49,0,68371829,,,,
(038311) 234060,49,38311,234060,,,,
(0626) 90459168,49,626,90459168,,,,
(035155) 036149,49,35155,36149,,,,
(046) 65753696,49,46,65753696,,,,
(07272) 6009343,49,7272,6009343,,,,
(039554) 001315,49,39554,1315,,,,
(048) 89456292,49,48,89456292,,,,
(036985) 819016,49,36985,819016,,,,
(06263) 0477865,49,6263,477865,,,,
(053) 48504224,49,53,48504224,,,,
(039217) 962479,49,39217,962479,,,,
(015) 20278055,49,15,20278055,,,,
(035814) 109581,49,35814,109581,,,,
(087) 28630833,49,87,28630833,,,,
(034466) 383974,49,34466,383974,,,,
(034487) 997464,49,34487,997464,,,,
(036980) 184537,49,36980,184537,,,,
(07276) 9701287,49,7276,9701287,,,,
(035676) 793816,49,35676,793816,,,,
(0219) 25577688,49,219,25577688,,,,
(038710) 818811,49,38710,818811,,,,
(0188) 31640533,49,188,31640533,,,,
(0688) 76083084,49,688,76083084,,,,
(0369) 04470363,49,369,4470363,,,,
(038427) 049186,49,38427,49186,,,,
(0210) 22957108,49,210,22957108,,,,
(0617) 09776456,49,617,9776456,,,,
(0378) 42968660,49,378,42968660,,,,
(03558) 8878096,49,3558,8878096,,,,
(015) 22894024,49,15,22894024,,,,
(048) 00100695,49,48,100695,,,,
(0230) 12455350,49,230,12455350,,,,
(02345) 6676178,49,2345,6676178,,,,
(032378) 419767,49,32378,419767,,,,
(0844) 97928467,49,844,97928467,,,,
(03588) 5947921,49,3588,5947921,,,,
(052) 58491645,49,52,58491645,,,,
(030) 99858559,49,30,99858559,,,,
(06633) 2960650,49,6633,2960650,,,,
(03603) 8061764,49,3603,8061764,,,,
(06164) 8043350,49,6164,8043350,,,,
(066) 41224335,49,66,41224335,,,,
(021) 48220938,49,21,48220938,,,,
(0496) 56932527,49,496,56932527,,,,
(013) 78464400,49,13,78464400,,,,
(000) 61667267,49,0,61667267,,,,
(03484) 3013564,49,3484,3013564,,,,
(07595) 3983482,49,7595,3983482,,,,
(0238) 46240522,49,238,46240522,,,,
(04646) 2710543,49,4646,2710543,,,,
(0103) 68394926,49,103,68394926,,,,
(06255) 8931389,49,6255,8931389,,,,
(059) 14601817,49,59,14601817,,,,
(033) 67694478,49,33,67694478,,,,
(0022) 31091218,49,22,31091218,,,,
(037542) 503750,49,37542,503750,,,,
(05566) 9367630,49,5566,9367630,,,,
(08960) 9963446,49,8960,9963446,,,,
(037060) 623753,49,37060,623753,,,,
(0153) 03902458,49,153,3902458,,,,
(03568) 2745386,49,3568,2745386,,,,
(0382) 45930881,49,382,45930881,,,,
(035986) 671964,49,35986,671964,,,,
(097) 41488800,49,97,41488800,,,,
(0795) 74703690,49,795,74703690,,,,
(031999) 055836,49,31999,55836,,,,
(008) 27219432,49,8,27219432,,,,
0800 1111,44,0800,1111,,,,
(0121) 807 0799,44,0121,8070799,,,,
056 4779 5660,44,056,47795660,,,,
07624 309577,44,07624,309577,,,,
0843 124 0546,44,0843,1240546,,,,
(026) 1308 7335,44,026,13087335,,,,
0500 731930,44,0500,731930,,,,
0500 996423,44,0500,996423,,,,
056 3945 0258,44,056,39450258,,,,
056 2938 7120,44,056,29387120,,,,
07209 232603,44,07209,232603,,,,
055 1678 0901,44,055,16780901,,,,
056 7478 6095,44,056,74786095,,,,
(012893) 19349,44,012893,19349,,,,
055 3679 5787,44,055,36795787,,,,
056 8883 9519,44,056,88839519,,,,
0800 481 6727,44,0800,4816727,,,,
07624 570643,44,07624,570643,,,,
(0119) 974 9705,44,0119,9749705,,,,
076 8141 2986,44,076,81412986,,,,
0800 1111,44,0800,1111,,,,
0397 035 9225,44,0397,0359225,,,,
056 8947 1350,44,056,89471350,,,,
076 0452 2727,44,076,04522727,,,,
(021) 1399 6207,44,021,13996207,,,,
0330 237 5256,44,0330,2375256,,,,
0342 441 8895,44,0342,4418895,,,,
(01270) 54409,44,01270,54409,,,,
07624 398002,44,07624,398002,,,,
076 8405 5844,44,076,84055844,,,,
07624 618418,44,07624,618418,,,,
056 0026 4293,44,056,00264293,,,,
(01782) 95250,44,01782,95250,,,,
(0171) 535 8833,44,0171,5358833,,,,
(019974) 85302,44,019974,85302,,,,
(0111) 397 2854,44,0111,3972854,,,,
07680 853409,44,07680,853409,,,,
(0191) 127 2723,44,0191,1272723,,,,
07173 624107,44,07173,624107,,,,
0800 060 7901,44,0800,0607901,,,,
0845 46 40,44,0845,4640,,,,
056 1087 7253,44,056,10877253,,,,
0920 320 4494,44,0920,3204494,,,,
0898 408 0678,44,0898,4080678,,,,
0845 46 47,44,0845,4647,,,,
055 9733 1582,44,055,97331582,,,,
(016977) 0193,44,016977,0193,,,,
0800 073 0121,44,0800,0730121,,,,
(025) 5399 3489,44,025,53993489,,,,
0800 1111,44,0800,1111,,,,
(016977) 2426,44,016977,2426,,,,
076 6914 3982,44,076,69143982,,,,
0835 650 2152,44,0835,6502152,,,,
0800 074027,44,0800,074027,,,,
(01051) 11613,44,01051,11613,,,,
0800 351990,44,0800,351990,,,,
0927 391 0616,44,0927,3910616,,,,
0364 946 6351,44,0364,9466351,,,,
0913 954 3248,44,0913,9543248,,,,
056 8345 6993,44,056,83456993,,,,
070 8802 1781,44,070,88021781,,,,
(0101) 365 0629,44,0101,3650629,,,,
076 6847 9615,44,076,68479615,,,,
(0161) 374 0202,44,0161,3740202,,,,
0500 254696,44,0500,254696,,,,
(0181) 943 3807,44,0181,9433807,,,,
07831 813542,44,07831,813542,,,,
056 7214 5042,44,056,72145042,,,,
(01714) 508606,44,01714,508606,,,,
056 8455 7324,44,056,84557324,,,,
0845 46 48,44,0845,4648,,,,
(016977) 9180,44,016977,9180,,,,
07624 655466,44,07624,655466,,,,
(018273) 36723,44,018273,36723,,,,
(017674) 44730,44,017674,44730,,,,
0898 183 8044,44,0898,1838044,,,,
0800 1111,44,0800,1111,,,,
(016977) 7722,44,016977,7722,,,,
07624 876801,44,07624,876801,,,,
07624 545758,44,07624,545758,,,,
(0161) 775 1412,44,0161,7751412,,,,
076 1823 7563,44,076,18237563,,,,
(01339) 517691,44,01339,517691,,,,
(0116) 994 9841,44,0116,9949841,,,,
070 9283 5705,44,070,92835705,,,,
0845 46 49,44,0845,4649,,,,
(0116) 791 2165,44,0116,7912165,,,,
(01560) 06149,44,01560,06149,,,,
07326 927713,44,07326,927713,,,,
055 6546 5501,44,055,65465501,,,,
070 9654 6605,44,070,96546605,,,,
076 0225 7321,44,076,02257321,,,,
07268 290122,44,07268,290122,,,,
(0171) 141 9738,44,0171,1419738,,,,
0800 534157,44,0800,534157,,,,
(021) 9680 7045,44,021,96807045,,,,
07253 867273,44,07253,867273,,,,
(0116) 149 8275,44,0116,1498275,,,,
0800 100627,44,0800,100627,,,,
0800 166 1695,44,0800,1661695,,,,
07 13 19 67 85,33,07,13196785,,,,
02 74 77 42 03,33,02,74774203,,,,
01 41 24 24 68,33,01,41242468,,,,
08 73 41 52 05,33,08,73415205,,,,
06 42 21 45 72,33,06,42214572,,,,
03 80 74 57 07,33,03,80745707,,,,
02 58 83 78 90,33,02,58837890,,,,
07 55 39 74 35,33,07,55397435,,,,
08 24 40 36 51,33,08,24403651,,,,
01 98 82 21 73,33,01,98822173,,,,
04 18 00 29 10,33,04,18002910,,,,
04 48 04 29 40,33,04,48042940,,,,
03 67 11 27 76,33,03,67112776,,,,
07 23 47 10 73,33,07,23471073,,,,
05 34 95 32 72,33,05,34953272,,,,
07 56 99 09 60,33,07,56990960,,,,
04 79 71 62 30,33,04,79716230,,,,
05 84 70 51 76,33,05,84705176,,,,
03 30 87 48 36,33,03,30874836,,,,
05 61 66 15 93,33,05,61661593,,,,
08 85 89 81 32,33,08,85898132,,,,
05 11 54 33 82,33,05,11543382,,,,
07 32 00 59 22,33,07,32005922,,,,
03 92 78 52 22,33,03,92785222,,,,
03 49 74 79 68,33,03,49747968,,,,
09 27 26 81 63,33,09,27268163,,,,
08 36 58 15 90,33,08,36581590,,,,
01 39 69 89 84,33,01,39698984,,,,
05 93 25 32 08,33,05,93253208,,,,
09 35 51 34 04,33,09,35513404,,,,
04 90 14 02 43,33,04,90140243,,,,
06 01 71 96 44,33,06,01719644,,,,
04 35 24 50 65,33,04,35245065,,,,
07 77 45 88 39,33,07,77458839,,,,
07 68 59 65 04,33,07,68596504,,,,
09 70 19 16 76,33,09,70191676,,,,
08 57 61 22 24,33,08,57612224,,,,
08 85 19 24 66,33,08,85192466,,,,
09 20 66 67 86,33,09,20666786,,,,
06 93 86 83 89,33,06,93868389,,,,
03 28 36 97 77,33,03,28369777,,,,
06 35 11 20 01,33,06,35112001,,,,
02 67 53 48 71,33,02,67534871,,,,
06 07 42 66 42,33,06,07426642,,,,
06 79 30 81 09,33,06,79308109,,,,
09 93 19 36 41,33,09,93193641,,,,
09 49 40 96 61,33,09,49409661,,,,
04 91 47 63 22,33,04,91476322,,,,
06 50 82 71 60,33,06,50827160,,,,
05 35 74 33 83,33,05,35743383,,,,
06 33 85 92 96,33,06,33859296,,,,
05 31 66 23 62,33,05,31662362,,,,
04 42 19 75 16,33,04,42197516,,,,
02 31 54 30 81,33,02,31543081,,,,
07 72 06 71 87,33,07,72067187,,,,
02 64 11 22 86,33,02,64112286,,,,
04 90 85 78 82,33,04,90857882,,,,
01 06 33 86 20,33,01,06338620,,,,
01 24 35 62 77,33,01,24356277,,,,
08 29 63 50 85,33,08,29635085,,,,
04 50 62 83 66,33,04,50628366,,,,
08 60 04 45 70,33,08,60044570,,,,
06 72 08 44 91,33,06,72084491,,,,
03 24 70 26 92,33,03,24702692,,,,
09 81 20 73 80,33,09,81207380,,,,
03 28 88 02 93,33,03,28880293,,,,
07 07 34 95 90,33,07,07349590,,,,
08 36 78 21 43,33,08,36782143,,,,
09 10 67 64 97,33,09,10676497,,,,
08 83 51 91 18,33,08,83519118,,,,
06 19 81 65 93,33,06,19816593,,,,
08 56 88 95 27,33,08,56889527,,,,
02 95 86 34 67,33,02,95863467,,,,
02 01 16 22 66,33,02,01162266,,,,
08 66 90 45 13,33,08,66904513,,,,
07 85 87 24 93,33,07,85872493,,,,
08 78 10 04 74,33,08,78100474,,,,
06 90 19 98 80,33,06,90199880,,,,
04 66 65 31 41,33,04,66653141,,,,
02 47 50 70 22,33,02,47507022,,,,
08 88 66 44 86,33,08,88664486,,,,
06 22 36 75 64,33,06,22367564,,,,
08 08 64 53 57,33,08,08645357,,,,
09 52 72 93 10,33,09,52729310,,,,
03 76 52 88 24,33,03,76528824,,,,
09 71 43 86 20,33,09,71438620,,,,
07 27 52 58 39,33,07,27525839,,,,
03 38 48 05 76,33,03,38480576,,,,
09 14 63 61 67,33,09,14636167,,,,
09 29 09 47 79,33,09,29094779,,,,
08 48 01 42 23,33,08,48014223,,,,
01 10 95 99 05,33,01,10959905,,,,
05 17 14 35 42,33,05,17143542,,,,
03 51 18 12 86,33,03,51181286,,,,
01 03 03 22 59,33,01,03032259,,,,
06 81 37 31 92,33,06,81373192,,,,
07 57 26 29 51,33,07,57262951,,,,
06 88 32 83 64,33,06,88328364,,,,
05 38 72 50 67,33,05,38725067,,,,
08 80 01 36 60,33,08,80013660,,,,
(09) 2896 8797,61,09, 2896 8797,,,,
(03) 5918 7907,61,03, 5918 7907,,,,
(06) 1136 8708,61,06, 1136 8708,,,,
(04) 6390 5348,61,04, 6390 5348,,,,
(06) 8343 0140,61,06, 8343 0140,,,,
(03) 2551 9900,61,03, 2551 9900,,,,
(01) 2285 3101,61,01, 2285 3101,,,,
(09) 5682 3242,61,09, 5682 3242,,,,
(01) 3175 9823,61,01, 3175 9823,,,,
(07) 5697 4394,61,07, 5697 4394,,,,
(09) 2192 1913,61,09, 2192 1913,,,,
(08) 1464 3870,61,08, 1464 3870,,,,
(06) 9335 6461,61,06, 9335 6461,,,,
(08) 7066 7598,61,08, 7066 7598,,,,
(01) 7007 4794,61,01, 7007 4794,,,,
(01) 7194 3619,61,01, 7194 3619,,,,
(07) 4282 6847,61,07, 4282 6847,,,,
(09) 1541 8103,61,09, 1541 8103,,,,
(07) 5154 0146,61,07, 5154 0146,,,,
(08) 2769 6264,61,08, 2769 6264,,,,
(01) 9057 1554,61,01, 9057 1554,,,,
(08) 6636 4553,61,08, 6636 4553,,,,
(04) 9531 1324,61,04, 9531 1324,,,,
(09) 2936 4383,61,09, 2936 4383,,,,
(09) 4332 9646,61,09, 4332 9646,,,,
(02) 8471 5640,61,02, 8471 5640,,,,
(05) 0064 2576,61,05, 0064 2576,,,,
(09) 4477 0183,61,09, 4477 0183,,,,
(07) 9968 8800,61,07, 9968 8800,,,,
(04) 8197 1669,61,04, 8197 1669,,,,
(04) 6317 6648,61,04, 6317 6648,,,,
(02) 0929 6918,61,02, 0929 6918,,,,
(01) 4757 2485,61,01, 4757 2485,,,,
(02) 3350 1747,61,02, 3350 1747,,,,
(01) 4025 9370,61,01, 4025 9370,,,,
(05) 8217 2588,61,05, 8217 2588,,,,
(07) 2023 2226,61,07, 2023 2226,,,,
(09) 4193 0651,61,09, 4193 0651,,,,
(07) 6529 1752,61,07, 6529 1752,,,,
(06) 5937 9566,61,06, 5937 9566,,,,
(04) 7900 7973,61,04, 7900 7973,,,,
(04) 2592 9266,61,04, 2592 9266,,,,
(02) 6191 5094,61,02, 6191 5094,,,,
(09) 9014 6033,61,09, 9014 6033,,,,
(08) 9212 3379,61,08, 9212 3379,,,,
(09) 4195 2651,61,09, 4195 2651,,,,
(05) 8117 4959,61,05, 8117 4959,,,,
(01) 8331 5053,61,01, 8331 5053,,,,
(05) 7927 3307,61,05, 7927 3307,,,,
(04) 3469 7301,61,04, 3469 7301,,,,
(07) 2297 2924,61,07, 2297 2924,,,,
(09) 3751 5063,61,09, 3751 5063,,,,
(08) 7840 6701,61,08, 7840 6701,,,,
(03) 5722 6541,61,03, 5722 6541,,,,
(05) 4538 8405,61,05, 4538 8405,,,,
(07) 2579 1477,61,07, 2579 1477,,,,
(05) 6720 4967,61,05, 6720 4967,,,,
(05) 3098 8642,61,05, 3098 8642,,,,
(01) 9701 8645,61,01, 9701 8645,,,,
(01) 7070 6217,61,01, 7070 6217,,,,
(09) 2710 7535,61,09, 2710 7535,,,,
(09) 0269 0959,61,09, 0269 0959,,,,
(03) 0521 3983,61,03, 0521 3983,,,,
(02) 0208 0814,61,02, 0208 0814,,,,
(08) 6727 8630,61,08, 6727 8630,,,,
(02) 2107 7514,61,02, 2107 7514,,,,
(04) 7713 4346,61,04, 7713 4346,,,,
(08) 7690 3949,61,08, 7690 3949,,,,
(09) 8364 0692,61,09, 8364 0692,,,,
(04) 7893 9083,61,04, 7893 9083,,,,
(03) 9891 3134,61,03, 9891 3134,,,,
(01) 3481 7542,61,01, 3481 7542,,,,
(06) 2948 4573,61,06, 2948 4573,,,,
(04) 1266 2184,61,04, 1266 2184,,,,
(01) 8265 1728,61,01, 8265 1728,,,,
(09) 6701 0134,61,09, 6701 0134,,,,
(05) 8845 9901,61,05, 8845 9901,,,,
(06) 8016 3611,61,06, 8016 3611,,,,
(01) 2039 0068,61,01, 2039 0068,,,,
(02) 1266 3391,61,02, 1266 3391,,,,
(01) 4117 5278,61,01, 4117 5278,,,,
(01) 0992 9375,61,01, 0992 9375,,,,
(09) 4993 4636,61,09, 4993 4636,,,,
(03) 3105 3508,61,03, 3105 3508,,,,
(04) 9471 1643,61,04, 9471 1643,,,,
(05) 0651 5905,61,05, 0651 5905,,,,
(01) 1490 6910,61,01, 1490 6910,,,,
(06) 7260 6821,61,06, 7260 6821,,,,
(08) 0570 5452,61,08, 0570 5452,,,,
(06) 9525 7602,61,06, 9525 7602,,,,
(07) 4036 2388,61,07, 4036 2388,,,,
(02) 6141 8122,61,02, 6141 8122,,,,
(03) 1920 3594,61,03, 1920 3594,,,,
(04) 3920 6793,61,04, 3920 6793,,,,
(05) 7324 8799,61,05, 7324 8799,,,,
(01) 0446 9552,61,01, 0446 9552,,,,
(01) 6803 3187,61,01, 6803 3187,,,,
(05) 7487 6042,61,05, 7487 6042,,,,
(09) 3755 8327,61,09, 3755 8327,,,,
(02) 8490 5926,61,02, 8490 5926,,,,
212-695-9114,1,212,6959114,,,,
718-935-3660,1,718,9353660,,,,
212-677-5190,1,212,6775190,,,,
212-475-4773,1,212,4754773,,,,
212-505-0143,1,212,5050143,,,,
212-475-4097,1,212,4754097,,,,
212-406-9411,1,212,4069411,,,,
212-995-8479,1,212,9958479,,,,
212-505-0745,1,212,5050745,,,,
212-473-8152,1,212,4738152,,,,
212-962-4341,1,212,9624341,,,,
212-475-4148,1,212,4754148,,,,
212-334-4663,1,212,3344663,,,,
212-780-9175,1,212,7809175,,,,
212-253-2480,1,212,2532480,,,,
212-253-3299,1,212,2533299,,,,
212-253-3110,1,212,2533110,,,,
212-533-2560,1,212,5332560,,,,
212-475-7972,1,212,4757972,,,,
212-253-7076,1,212,2537076,,,,
212-458-0800,1,212,4580800,,,,
646-826-8174,1,646,8268174,,,,
212-825-9008,1,212,8259008,,,,
212-668-0169,1,212,6680169,,,,
212-346-0708,1,212,3460708,,,,
212-346-0007,1,212,3460007,,,,
212-460-8467,1,212,4608467,,,,
212-683-7440,1,212,6837440,,,,
917-326-6668,1,917,3266668,,,,
212-475-8086,1,212,4758086,,,,
212-242-8752,1,212,2428752,,,,
212-488-3645,1,212,4883645,,,,
212-691-6119,1,212,6916119,,,,
212-242-3384,1,212,2423384,,,,
212-488-3330,1,212,4883330,,,,
212-647-1983,1,212,6471983,,,,
212-929-4433,1,212,9294433,,,,
212-647-7410,1,212,6477410,,,,
212-255-1235,1,212,2551235,,,,
212-675-6206,1,212,6756206,,,,
212-925-1080,1,212,9251080,,,,
917-237-7300,1,917,2377300,,,,
212-696-0195,1,212,6960195,,,,
212-576-0502,1,212,5760502,,,,
212-576-0530,1,212,5760530,,,,
212-246-2183,1,212,2462183,,,,
212-757-2680,1,212,7572680,,,,
212-586-1819,1,212,5861819,,,,
212-586-0981,1,212,5860981,,,,
212-245-4670,1,212,2454670,,,,
212-262-8113,1,212,2628113,,,,
212-752-4340,1,212,7524340,,,,
212-757-5274,1,212,7575274,,,,
212-246-1041,1,212,2461041,,,,
212-586-2943,1,212,5862943,,,,
212-772-1220,1,212,7721220,,,,
212-799-4064,1,212,7994064,,,,
212-501-1110,1,212,5011110,,,,
212-245-2807,1,212,2452807,,,,
212-496-0700,1,212,4960700,,,,
212-501-1198,1,212,5011198,,,,
212-501-1235,1,212,5011235,,,,
212-501-3318,1,212,5013318,,,,
212-501-1201,1,212,5011201,,,,
212-787-1189,1,212,7871189,,,,
212-362-2015,1,212,3622015,,,,
212-877-1103,1,212,8771103,,,,
212-749-5800,1,212,7495800,,,,
212-865-9260,1,212,8659260,,,,
212-666-1278,1,212,6661278,,,,
212-234-3102,1,212,2343102,,,,
212-234-4631,1,212,2344631,,,,
212-828-2858,1,212,8282858,,,,
212-860-5929,1,212,8605929,,,,
212-831-1517,1,212,8311517,,,,
212-289-7593,1,212,2897593,,,,
212-876-4639,1,212,8764639,,,,
212-722-6507,1,212,7226507,,,,
212-694-6020,1,212,6946020,,,,
212-283-8055,1,212,2838055,,,,
212-281-6490,1,212,2816490,,,,
212-926-0113,1,212,9260113,,,,
212-928-1202,1,212,9281202,,,,
212-342-6600,1,212,3426600,,,,
212-781-0524,1,212,7810524,,,,
212-569-1022,1,212,5691022,,,,
212-831-5201,1,212,8315201,,,,
212-831-5153,1,212,8315153,,,,
212-382-1875,1,212,3821875,,,,
212-247-8652,1,212,2478652,,,,
212-391-0041,1,212,3910041,,,,
718-935-3477,1,718,9353477,,,,
212-964-9610,1,212,9649610,,,,
718-935-3442,1,718,9353442,,,,
212-225-0998,1,212,2250998,,,,
212-491-4107,1,212,4914107,,,,
212-927-1841,1,212,9271841,,,,
212-927-1841,1,212,9271841,,,,
212-342-6130,1,212,3426130,,,,
212-567-3164,1,212,5673164,,,,
212-927-1841,1,212,9271841,,,,
212-517-6728,1,212,5176728,,,,
212-737-1530,1,212,7371530,,,,
212-517-5175,1,212,5175175,,,,
212-348-1694,1,212,3481694,,,,
212-312-4800,1,212,3124800,,,,
718-420-2600,1,718,4202600,,,,
718-815-0186,1,718,8150186,,,,
718-390-1800,1,718,3901800,,,,
718-420-2100,1,718,4202100,,,,
718-667-3222,1,718,6673222,,,,
718-667-8686,1,718,6678686,,,,
718-668-8800,1,718,6688800,,,,
718-698-4200,1,718,6984200,,,,
718-370-6950,1,718,3706950,,,,
718-370-6900,1,718,3706900,,,,
718-402-7690,1,718,4027690,,,,
718-292-4150,1,718,2924150,,,,
718-410-3430,1,718,4103430,,,,
718-292-7110,1,718,2927110,,,,
718-292-7171,1,718,2927171,,,,
718-401-4891,1,718,4014891,,,,
718-401-1826,1,718,4011826,,,,
718-402-8481,1,718,4028481,,,,
718-993-5000,1,718,9935000,,,,
718-294-8111,1,718,2948111,,,,
718-731-0219,1,718,7310219,,,,
718-585-8202,1,718,5858202,,,,
718-292-2211,1,718,2922211,,,,
718-665-4128,1,718,6654128,,,,
718-585-4024,1,718,5854024,,,,
718-402-5640,1,718,4025640,,,,
718-585-8013,1,718,5858013,,,,
718-292-0578,1,718,2920578,,,,
718-402-0571,1,718,4020571,,,,
718-842-0687,1,718,8420687,,,,
718-620-1053,1,718,6201053,,,,
718-401-4214,1,718,4014214,,,,
718-542-4011,1,718,5424011,,,,
718-992-7089,1,718,9927089,,,,
718-681-8287,1,718,6818287,,,,
718-992-7154,1,718,9927154,,,,
718-991-6349,1,718,9916349,,,,
718-860-1385,1,718,8601385,,,,
718-542-3700,1,718,5423700,,,,
718-538-9726,1,718,5389726,,,,
718-410-4001,1,718,4104001,,,,
718-466-7800,1,718,4667800,,,,
718-410-4077,1,718,4104077,,,,
718-466-6800,1,718,4666800,,,,
718-299-7490,1,718,2997490,,,,
718-410-4242,1,718,4104242,,,,
718-299-4274,1,718,2994274,,,,
718-466-4000,1,718,4664000,,,,
718-410-4040,1,718,4104040,,,,
718-466-8000,1,718,4668000,,,,
718-410-4060,1,718,4104060,,,,
718-410-4242,1,718,4104242,,,,
718-584-0832,1,718,5840832,,,,
718-563-7139,1,718,5637139,,,,
718-561-8701,1,718,5618701,,,,
718-733-5274,1,718,7335274,,,,
718-733-6024,1,718,7336024,,,,
718-733-4559,1,718,7334559,,,,
718-733-4656,1,718,7334656,,,,
718-733-3080,1,718,7333080,,,,
718-933-1247,1,718,9331247,,,,
718-733-5024,1,718,7335024,,,,
718-991-4634,1,718,9914634,,,,
718-860-1053,1,718,8601053,,,,
718-860-1242,1,718,8601242,,,,
718-893-5158,1,718,8935158,,,,
718-991-1855,1,718,9911855,,,,
718-861-8641,1,718,8618641,,,,
718-589-1590,1,718,5891590,,,,
718-861-0521,1,718,8610521,,,,
718-893-6173,1,718,8936173,,,,
718-991-2695,1,718,9912695,,,,
718-597-1751,1,718,5971751,,,,
718-904-4200,1,718,9044200,,,,
718-430-6390,1,718,4306390,,,,
718-904-5050,1,718,9045050,,,,
718-904-5090,1,718,9045090,,,,
718-904-4200,1,718,9044200,,,,
718-904-4210,1,718,9044210,,,,
718-319-5160,1,718,3195160,,,,
718-432-4300,1,718,4324300,,,,
718-561-0113,1,718,5610113,,,,
718-563-6678,1,718,5636678,,,,
718-329-2902,1,718,3292902,,,,
718-561-0973,1,718,5610973,,,,
718-432-6491,1,718,4326491,,,,
718-796-8516,1,718,7968516,,,,
718-696-3800,1,718,6963800,,,,
718-696-3820,1,718,6963820,,,,
718-696-3840,1,718,6963840,,,,
718-944-5610,1,718,9445610,,,,
718-696-6010,1,718,6966010,,,,
718-696-3340,1,718,6963340,,,,
718-696-3930,1,718,6963930,,,,
718-696-3700,1,718,6963700,,,,
718-944-5660,1,718,9445660,,,,
718-329-7380,1,718,3297380,,,,
718-817-7700,1,718,8177700,,,,
718-329-8580,1,718,3298580,,,,
718-733-3872,1,718,7333872,,,,
718-601-0391,1,718,6010391,,,,
718-329-8550,1,718,3298550,,,,
718-329-2144,1,718,3292144,,,,
718-543-1000,1,718,5431000,,,,
718-329-8570,1,718,3298570,,,,
718-543-1023,1,718,5431023,,,,
718-944-3418,1,718,9443418,,,,
718-944-3601,1,718,9443601,,,,
718-944-3625,1,718,9443625,,,,
718-944-3635,1,718,9443635,,,,
718-944-3655,1,718,9443655,,,,
718-991-7238,1,718,9917238,,,,
718-620-2560,1,718,6202560,,,,
718-860-8160,1,718,8608160,,,,
718-620-8160,1,718,6208160,,,,
718-860-8240,1,718,8608240,,,,
718-860-8120,1,718,8608120,,,,
718-824-0978,1,718,8240978,,,,
718-597-1587,1,718,5971587,,,,
718-617-5046,1,718,6175046,,,,
718-829-2984,1,718,8292984,,,,
718-824-1682,1,718,8241682,,,,
718-542-0740,1,718,5420740,,,,
718-828-1206,1,718,8281206,,,,
718-860-5110,1,718,8605110,,,,
718-824-3152,1,718,8243152,,,,
718-862-4406,1,718,8624406,,,,
718-904-5400,1,718,9045400,,,,
718-937-3010,1,718,9373010,,,,
718-389-3163,1,718,3893163,,,,
718-392-3330,1,718,3923330,,,,
718-609-3330,1,718,6093330,,,,
718-361-2032,1,718,3612032,,,,
718-361-8786,1,718,3618786,,,,
718-937-6005,1,718,9376005,,,,
718-361-3133,1,718,3613133,,,,
718-392-3433,1,718,3923433,,,,
718-937-4270,1,718,9374270,,,,
718-472-5671,1,718,4725671,,,,
718-389-3623,1,718,3893623,,,,
718-267-2839,1,718,2672839,,,,
718-721-5404,1,718,7215404,,,,
718-545-7095,1,718,5457095,,,,
718-361-9920,1,718,3619920,,,,
718-472-0536,1,718,4720536,,,,
718-361-5275,1,718,3615275,,,,
718-243-9413,1,718,2439413,,,,
718-643-9315,1,718,6439315,,,,
718-722-4727,1,718,7224727,,,,
718-330-9390,1,718,3309390,,,,
718-694-9741,1,718,6949741,,,,
718-875-1473,1,718,8751473,,,,
718-260-2300,1,718,2602300,,,,
718-858-1160,1,718,8581160,,,,
718-403-9544,1,718,4039544,,,,
718-625-6130,1,718,6256130,,,,
718-858-0249,1,718,8580249,,,,
718-968-6630,1,718,9686630,,,,
718-221-1097,1,718,2211097,,,,
718-629-1204,1,718,6291204,,,,
718-771-4793,1,718,7714793,,,,
718-629-2307,1,718,6292307,,,,
718-756-5325,1,718,7565325,,,,
718-773-3908,1,718,7733908,,,,
718-771-4865,1,718,7714865,,,,
718-438-3893,1,718,4383893,,,,
718-621-8800,1,718,6218800,,,,
718-230-5748,1,718,2305748,,,,
718-834-6760,1,718,8346760,,,,
718-797-3702,1,718,7973702,,,,
718-302-7900,1,718,3027900,,,,
718-366-0154,1,718,3660154,,,,
718-302-5092,1,718,3025092,,,,
718-387-5641,1,718,3875641,,,,
718-599-1207,1,718,5991207,,,,
718-782-0918,1,718,7820918,,,,
718-922-0650,1,718,9220650,,,,
718-922-0389,1,718,9220389,,,,
718-345-9100,1,718,3459100,,,,
718-922-6289,1,718,9226289,,,,
718-922-0762,1,718,9220762,,,,
718-927-0012,1,718,9270012,,,,
718-235-3592,1,718,2353592,,,,
718-827-2796,1,718,8272796,,,,
718-277-1069,1,718,2771069,,,,
347-470-2511,1,347,4702511,,,,
718-688-7200,1,718,6887200,,,,
718-647-5204,1,718,6475204,,,,
718-647-1672,1,718,6471672,,,,
718-688-7230,1,718,6887230,,,,
718-827-2469,1,718,8272469,,,,
718-748-1537,1,718,7481537,,,,
718-724-8500,1,718,7248500,,,,
718-387-0228,1,718,3870228,,,,
718-387-2800,1,718,3872800,,,,
718-486-2550,1,718,4862550,,,,
718-387-1125,1,718,3871125,,,,
718-387-2800,1,718,3872800,,,,
718-302-2306,1,718,3022306,,,,
718-388-1260,1,718,3881260,,,,
718-485-3789,1,718,4853789,,,,
718-498-2605,1,718,4982605,,,,
718-221-1593,1,718,2211593,,,,
718-773-0128,1,718,7730128,,,,
718-467-1700,1,718,4671700,,,,
718-935-3604,1,718,9353604,,,,
718-333-7650,1,718,3337650,,,,
718-266-5032,1,718,2665032,,,,
718-333-7860,1,718,3337860,,,,
718-333-7700,1,718,3337700,,,,
718-232-2500,1,718,2322500,,,,
718-333-7750,1,718,3337750,,,,
718-333-7850,1,718,3337850,,,,
718-832-4201,1,718,8324201,,,,
718-832-4333,1,718,8324333,,,,
718-832-4300,1,718,8324300,,,,
718-832-4250,1,718,8324250,,,,
718-398-3061,1,718,3983061,,,,
718-237-2502,1,718,2372502,,,,
718-855-2412,1,718,8552412,,,,
718-804-6400,1,718,8046400,,,,
718-853-6184,1,718,8536184,,,,
718-759-3400,1,718,7593400,,,,
718-452-3440,1,718,4523440,,,,
718-919-1256,1,718,9191256,,,,
718-574-3126,1,718,5743126,,,,
718-574-2820,1,718,5742820,,,,
718-919-4212,1,718,9194212,,,,
718-218-9301,1,718,2189301,,,,
718-388-7721,1,718,3887721,,,,
718-373-6400,1,718,3736400,,,,
718-265-0329,1,718,2650329,,,,
718-230-6250,1,718,2306250,,,,
718-230-6363,1,718,2306363,,,,
718-703-5400,1,718,7035400,,,,
718-636-4900,1,718,6364900,,,,
718-230-6333,1,718,2306333,,,,
718-230-6300,1,718,2306300,,,,
718-564-2540,1,718,5642540,,,,
718-564-2566,1,718,5642566,,,,
718-564-2470,1,718,5642470,,,,
718-564-2551,1,718,5642551,,,,
718-564-2580,1,718,5642580,,,,
718-758-7200,1,718,7587200,,,,
718-258-9283,1,718,2589283,,,,
718-923-4700,1,718,9234700,,,,
718-840-1900,1,718,8401900,,,,
718-922-1145,1,718,9221145,,,,
718-455-0746,1,718,4550746,,,,
718-495-0863,1,718,4950863,,,,
718-368-8500,1,718,3688500,,,,
718-333-7400,1,718,3337400,,,,
718-891-0037,1,718,8910037,,,,
718-332-5000,1,718,3325000,,,,
718-290-8720,1,718,2908720,,,,
718-968-4200,1,718,9684200,,,,
718-290-8700,1,718,2908700,,,,
718-290-8760,1,718,2908760,,,,
718-968-1530,1,718,9681530,,,,
718-968-1072,1,718,9681072,,,,
718-968-4101,1,718,9684101,,,,
718-246-6500,1,718,2466500,,,,
718-381-7100,1,718,3817100,,,,
718-381-7100,1,718,3817100,,,,
718-381-7100,1,718,3817100,,,,
718-381-7100,1,718,3817100,,,,
718-789-2258,1,718,7892258,,,,
718-888-7500,1,718,8887500,,,,
718-888-7530,1,718,8887530,,,,
718-888-7520,1,718,8887520,,,,
718-353-0009,1,718,3530009,,,,
718-463-2348,1,718,4632348,,,,
718-461-2219,1,718,4612219,,,,
718-229-7600,1,718,2297600,,,,
718-279-6500,1,718,2796500,,,,
718-281-8200,1,718,2818200,,,,
718-380-6929,1,718,3806929,,,,
718-969-5510,1,718,9695510,,,,
718-263-1919,1,718,2631919,,,,
718-575-5580,1,718,5755580,,,,
718-271-8383,1,718,2718383,,,,
718-271-1487,1,718,2711487,,,,
718-803-7100,1,718,8037100,,,,
718-271-3602,1,718,2713602,,,,
718-595-8600,1,718,5958600,,,,
718-595-8400,1,718,5958400,,,,
718-268-3137,1,718,2683137,,,,
718-286-3500,1,718,2863500,,,,
718-286-3600,1,718,2863600,,,,
718-381-9600,1,718,3819600,,,,
718-935-3645,1,718,9353645,,,,
718-978-2135,1,718,9782135,,,,
718-723-7301,1,718,7237301,,,,
718-978-1837,1,718,9781837,,,,
718-454-4957,1,718,4544957,,,,
718-525-6507,1,718,5256507,,,,
718-949-8405,1,718,9498405,,,,
718-712-2304,1,718,7122304,,,,
718-525-6439,1,718,5256439,,,,
718-846-6280,1,718,8466280,,,,
718-322-0500,1,718,3220500,,,,
718-848-8357,1,718,8488357,,,,
718-846-3335,1,718,8463335,,,,
718-935-3597,1,718,9353597,,,,
718-935-3643,1,718,9353643,,,,
718-776-2815,1,718,7762815,,,,
718-736-7100,1,718,7367100,,,,
718-935-3651,1,718,9353651,,,,
718-776-4728,1,718,7764728,,,,
718-969-3155,1,718,9693155,,,,
718-480-2689,1,718,4802689,,,,
718-558-9801,1,718,5589801,,,,
718-725-0402,1,718,7250402,,,,
718-658-4016,1,718,6584016,,,,
718-658-5407,1,718,6585407,,,,
718-297-6580,1,718,2976580,,,,
718-658-1249,1,718,6581249,,,,
718-262-8547,1,718,2628547,,,,
718-657-3181,1,718,6573181,,,,
718-977-4800,1,718,9774800,,,,
718-480-2600,1,718,4802600,,,,
718-528-2920,1,718,5282920,,,,
718-471-2154,1,718,4712154,,,,
718-471-3571,1,718,4713571,,,,
718-868-2978,1,718,8682978,,,,
718-734-3280,1,718,7343280,,,,
718-634-1970,1,718,6341970,,,,
718-734-3290,1,718,7343290,,,,
718-474-6918,1,718,4746918,,,,